Date_reported,Country_code,Country,WHO_region,Covid_new_hospitalizations_last_7days,Covid_new_icu_admissions_last_7days,Covid_new_hospitalizations_last_28days,Covid_new_icu_admissions_last_28days
2020-04-05,CUB,CUBA,AMR,,,,
2020-03-15,FLK,FALKLAND ISLANDS (MALVINAS),AMR,,,,
2023-10-29,KOR,REPUBLIC OF KOREA,WPR,,,,
2022-03-27,GIB,GIBRALTAR,EUR,,,,
2021-08-29,COG,CONGO,AFR,,,,
2022-06-05,MSR,MONTSERRAT,AMR,,,,
2024-03-24,BHS,BAHAMAS,AMR,2.0,0.0,17.0,3.0
2021-06-13,AUT,AUSTRIA,EUR,57.0,18.0,321.0,97.0
2021-05-16,XXH,International conveyance (Vanuatu),OTHER,,,,
2022-01-02,ETH,ETHIOPIA,AFR,,,,
2023-08-27,ATG,ANTIGUA AND BARBUDA,AMR,,,,
2021-08-01,IRN,IRAN (ISLAMIC REPUBLIC OF),EMR,19867.0,,66330.0,
2023-07-16,SYR,SYRIAN ARAB REPUBLIC,EMR,,,,
2021-11-07,ECU,ECUADOR,AMR,87.0,,409.0,
2020-02-16,BWA,BOTSWANA,AFR,,,,
2024-09-01,VNM,VIET NAM,WPR,,,,
2022-07-17,TCA,TURKS AND CAICOS ISLANDS,AMR,5.0,,9.0,
2022-07-17,ROU,ROMANIA,EUR,,,,
2025-04-06,LBN,LEBANON,EMR,,,,
2024-03-31,ARE,UNITED ARAB EMIRATES,EMR,,,,
2020-07-26,LKA,SRI LANKA,SEAR,67.0,,750.0,
2023-06-18,GNQ,EQUATORIAL GUINEA,AFR,,,,
2020-05-10,HRV,CROATIA,EUR,,,,
2021-09-05,XXF,International conveyance (American Samoa),OTHER,,,,
2023-04-09,XKX,Kosovo (in accordance with UN Security Council Resolution 1244 (1999)),EUR,,,,
2021-06-20,LCA,SAINT LUCIA,AMR,,,,
2024-06-02,ZMB,ZAMBIA,AFR,,,,
2025-04-06,GIB,GIBRALTAR,EUR,,,,
2025-04-13,MMR,MYANMAR,SEAR,,,,
2024-11-03,SSD,SOUTH SUDAN,AFR,,,,
2022-10-09,GBR,THE UNITED KINGDOM,EUR,,,,
2021-11-21,BRA,BRAZIL,AMR,3312.0,1394.0,14679.0,6078.0
2024-03-31,VGB,BRITISH VIRGIN ISLANDS,AMR,0.0,0.0,0.0,0.0
2022-10-23,CRI,COSTA RICA,AMR,,,,
2025-01-05,BFA,BURKINA FASO,AFR,,,,
2023-10-08,CUB,CUBA,AMR,,,,
2021-03-07,XXL,International commercial vessel,OTHER,,,,
2024-06-16,MAF,SAINT MARTIN,AMR,,,,
2023-03-19,SDN,SUDAN,EMR,,,,
2023-04-23,ASM,AMERICAN SAMOA,WPR,,,,
2021-10-24,PRY,PARAGUAY,AMR,,,,
2021-07-18,THA,THAILAND,SEAR,,,,
2023-05-21,SWE,SWEDEN,EUR,,13.0,,55.0
2024-03-17,GNB,GUINEA-BISSAU,AFR,,,,
2023-06-11,NCL,NEW CALEDONIA,WPR,,,,
2021-06-13,CHN,CHINA,WPR,186.0,,588.0,
2024-07-07,VCT,SAINT VINCENT AND THE GRENADINES,AMR,,,,
2024-04-07,NLD,NETHERLANDS,EUR,63.0,1.0,320.0,4.0
2025-02-02,ISL,ICELAND,EUR,,,,
2023-02-12,SLV,EL SALVADOR,AMR,,,,
2022-05-01,TON,TONGA,WPR,,,,
2022-11-27,DZA,ALGERIA,AFR,,,,
2020-07-26,LCA,SAINT LUCIA,AMR,,,4.0,
2022-12-04,URY,URUGUAY,AMR,,,,
2023-07-23,ETH,ETHIOPIA,AFR,,,,
2024-02-11,MAF,SAINT MARTIN,AMR,,,,
2020-11-29,KGZ,KYRGYZSTAN,EUR,,,,
2022-12-11,DZA,ALGERIA,AFR,,,,
2025-04-13,ALB,ALBANIA,EUR,,,,
2024-04-14,STP,SAO TOME AND PRINCIPE,AFR,,,,
2023-04-16,BRA,BRAZIL,AMR,1258.0,409.0,4976.0,1555.0
2023-07-30,AND,ANDORRA,EUR,,,,
2024-07-07,PRI,PUERTO RICO,AMR,,,,
2022-10-16,SSD,SOUTH SUDAN,AFR,,,,
2023-12-03,SSD,SOUTH SUDAN,AFR,,,,
2020-11-08,PSE,"OCCUPIED PALESTINIAN TERRITORY, INCLUDING EAST JERUSALEM",EMR,,,,
2023-04-02,CAF,CENTRAL AFRICAN REPUBLIC,AFR,,,,
2020-12-20,STP,SAO TOME AND PRINCIPE,AFR,,,,
2024-03-03,MNG,MONGOLIA,WPR,7.0,0.0,38.0,0.0
2022-09-18,GEO,GEORGIA,EUR,,,,
2022-04-24,GRC,GREECE,EUR,1318.0,51.0,8606.0,396.0
2021-07-18,USA,UNITED STATES OF AMERICA,AMR,24037.0,,69830.0,
2020-02-16,CYP,CYPRUS,EUR,,,1.0,
2025-03-09,BGD,BANGLADESH,SEAR,,,,
2024-05-26,CRI,COSTA RICA,AMR,16.0,1.0,71.0,4.0
2023-07-30,ATG,ANTIGUA AND BARBUDA,AMR,,,,
2024-04-14,BLR,BELARUS,EUR,,,,
2023-09-17,NIC,NICARAGUA,AMR,,,,
2021-08-01,JPN,JAPAN,WPR,,,,
2024-03-31,LBR,LIBERIA,AFR,,,,
2024-02-11,CAN,CANADA,AMR,251.0,32.0,1169.0,116.0
2022-12-11,LAO,LAO PEOPLE'S DEMOCRATIC REPUBLIC,WPR,,,,
2020-09-27,HRV,CROATIA,EUR,,,,
2022-08-21,HND,HONDURAS,AMR,18.0,,55.0,2.0
2024-12-08,BHR,BAHRAIN,EMR,,,,
2023-04-09,AFG,AFGHANISTAN,EMR,5.0,,13.0,
2024-10-20,SOM,SOMALIA,EMR,,,,
2022-01-09,PRT,PORTUGAL,EUR,1577.0,151.0,4185.0,454.0
2024-07-21,FJI,FIJI,WPR,,,,
2023-09-10,NAM,NAMIBIA,AFR,0.0,0.0,0.0,0.0
2023-08-13,TCA,TURKS AND CAICOS ISLANDS,AMR,0.0,,0.0,
2020-05-31,GAB,GABON,AFR,,,,
2023-01-08,VGB,BRITISH VIRGIN ISLANDS,AMR,0.0,0.0,0.0,0.0
2020-03-29,NPL,NEPAL,SEAR,3.0,0.0,4.0,0.0
2021-02-28,MDG,MADAGASCAR,AFR,,,,
2023-12-03,CUW,CURAÇAO,AMR,,,,
2025-02-02,MMR,MYANMAR,SEAR,,,,
2021-04-18,DEU,GERMANY,EUR,7594.0,894.0,29025.0,3266.0
2020-08-30,TUV,TUVALU,WPR,,,,
2023-05-14,GIN,GUINEA,AFR,,,,
2021-02-21,NRU,NAURU,WPR,,,,
2022-06-12,ERI,ERITREA,AFR,,,,
2020-06-28,MHL,MARSHALL ISLANDS,WPR,,,,
2023-03-19,IND,INDIA,SEAR,,,,
2024-08-04,GRD,GRENADA,AMR,,,,
2022-01-02,SGP,SINGAPORE,WPR,,,,
2022-08-07,AZE,AZERBAIJAN,EUR,,,,
2023-12-17,GUF,FRENCH GUIANA,AMR,,,,
2021-07-18,XXF,International conveyance (American Samoa),OTHER,,,,
2021-09-05,PRY,PARAGUAY,AMR,,,,
2020-10-04,MWI,MALAWI,AFR,,,,
2024-08-18,LUX,LUXEMBOURG,EUR,,,,
2022-04-03,POL,POLAND,EUR,603.0,,2586.0,3.0
2022-01-16,ISL,ICELAND,EUR,24.0,,97.0,
2023-12-17,TJK,TAJIKISTAN,EUR,,,,
2022-10-30,ARE,UNITED ARAB EMIRATES,EMR,,,,
2024-09-29,CUW,CURAÇAO,AMR,,,,
2021-09-05,VEN,VENEZUELA (BOLIVARIAN REPUBLIC OF),AMR,,,56.0,
2024-07-07,MNP,NORTHERN MARIANA ISLANDS (COMMONWEALTH OF THE),WPR,,,,
2023-09-03,MEX,MEXICO,AMR,1740.0,5.0,6705.0,30.0
2020-01-26,SRB,SERBIA,EUR,,,,
2021-10-24,ATG,ANTIGUA AND BARBUDA,AMR,,,,
2024-11-17,DEU,GERMANY,EUR,,,,
2022-02-27,GUY,GUYANA,AMR,,,,
2022-07-17,NPL,NEPAL,SEAR,,,,
2020-03-08,MNP,NORTHERN MARIANA ISLANDS (COMMONWEALTH OF THE),WPR,,,,
2020-06-21,XXH,International conveyance (Vanuatu),OTHER,,,,
2022-02-13,DZA,ALGERIA,AFR,,,,
2022-09-18,JEY,JERSEY,EUR,,,,
2023-07-30,BHS,BAHAMAS,AMR,,,,
2021-04-25,XXH,International conveyance (Vanuatu),OTHER,,,,
2020-04-26,MEX,MEXICO,AMR,3741.0,440.0,12105.0,1306.0
2022-09-25,MLT,MALTA,EUR,1.0,,5.0,
2020-08-16,CHL,CHILE,AMR,1216.0,391.0,5462.0,1838.0
2021-06-13,BHS,BAHAMAS,AMR,11.0,0.0,87.0,3.0
2023-01-29,GIN,GUINEA,AFR,0.0,,3.0,
2021-02-28,MCO,MONACO,EUR,,,,
2022-03-13,GTM,GUATEMALA,AMR,,,,
2023-01-08,SUR,SURINAME,AMR,0.0,0.0,1.0,0.0
2025-04-06,CPV,CABO VERDE,AFR,,,,
2022-11-13,BWA,BOTSWANA,AFR,0.0,0.0,0.0,0.0
2022-07-24,UZB,UZBEKISTAN,EUR,184.0,0.0,985.0,4.0
2020-08-23,MNG,MONGOLIA,WPR,10.0,,125.0,
2023-09-03,DNK,DENMARK,EUR,158.0,,539.0,
2020-06-07,PRK,DEMOCRATIC PEOPLE'S REPUBLIC OF KOREA,SEAR,,,0.0,
2021-01-10,AND,ANDORRA,EUR,,,,
2022-02-06,MAF,SAINT MARTIN,AMR,,,,
2020-10-18,BRN,BRUNEI DARUSSALAM,WPR,,,,
2022-06-12,WLF,WALLIS AND FUTUNA,WPR,,,,
2025-01-05,VCT,SAINT VINCENT AND THE GRENADINES,AMR,,,,
2021-05-09,MLT,MALTA,EUR,7.0,2.0,72.0,6.0
2022-12-11,COL,COLOMBIA,AMR,,,,
2022-03-27,XXG,International conveyance (Solomon Islands),OTHER,,,,
2024-03-24,CAN,CANADA,AMR,169.0,14.0,745.0,71.0
2022-04-24,GRL,GREENLAND,EUR,,,,
2022-04-17,UKR,UKRAINE,EUR,1152.0,154.0,7757.0,770.0
2024-09-01,FIN,FINLAND,EUR,,,,
2021-06-06,ISL,ICELAND,EUR,0.0,0.0,2.0,0.0
2022-08-14,HTI,HAITI,AMR,,,,
2022-12-25,GLP,GUADELOUPE,AMR,,,,
2021-04-11,KAZ,KAZAKHSTAN,EUR,,,,
2024-09-08,KEN,KENYA,AFR,,,,
2023-06-04,OMN,OMAN,EMR,,,,
2024-11-17,SXM,SINT MAARTEN,AMR,,,,
2023-11-05,VUT,VANUATU,WPR,,,,
2024-08-04,AIA,ANGUILLA,AMR,,,,
2024-05-12,ZAF,SOUTH AFRICA,AFR,,,,
2021-07-11,NIC,NICARAGUA,AMR,,,,
2022-02-13,TLS,TIMOR-LESTE,SEAR,555.0,,643.0,
2023-12-31,SSD,SOUTH SUDAN,AFR,,,,
2024-03-10,TKL,TOKELAU,WPR,,,,
2022-08-28,IRQ,IRAQ,EMR,,,,
2023-10-22,IMN,ISLE OF MAN,EUR,,,,
2023-11-12,MKD,NORTH MACEDONIA,EUR,16.0,1.0,54.0,1.0
2023-11-05,SSD,SOUTH SUDAN,AFR,,,,
2024-01-07,CAN,CANADA,AMR,601.0,58.0,2677.0,215.0
2023-10-15,WLF,WALLIS AND FUTUNA,WPR,,,,
2023-10-29,COK,COOK ISLANDS,WPR,,,,
2025-03-09,JPN,JAPAN,WPR,,,,
2020-09-20,SLV,EL SALVADOR,AMR,,,,
2022-06-26,BHR,BAHRAIN,EMR,28.0,,46.0,
2020-08-02,MSR,MONTSERRAT,AMR,,,,
2024-03-10,AGO,ANGOLA,AFR,0.0,0.0,0.0,0.0
2024-10-20,IRQ,IRAQ,EMR,,,,
2021-03-14,NCL,NEW CALEDONIA,WPR,,,,
2023-02-19,ESP,SPAIN,EUR,1083.0,45.0,4325.0,179.0
2020-03-08,SVK,SLOVAKIA,EUR,7.0,2.0,10.0,2.0
2024-09-15,CYP,CYPRUS,EUR,22.0,,126.0,7.0
2020-05-24,BOL,BOLIVIA (PLURINATIONAL STATE OF),AMR,,,,
2021-12-12,COK,COOK ISLANDS,WPR,,,,
2024-07-14,VEN,VENEZUELA (BOLIVARIAN REPUBLIC OF),AMR,,,,
2022-05-01,BRB,BARBADOS,AMR,,,,
2024-04-07,LSO,LESOTHO,AFR,,,,
2022-04-17,BHS,BAHAMAS,AMR,,,,
2025-03-23,RUS,RUSSIAN FEDERATION,EUR,,,1599.0,
2024-04-14,NOR,NORWAY,EUR,,1.0,,2.0
2023-06-04,BRA,BRAZIL,AMR,807.0,254.0,3491.0,1130.0
2020-06-14,TJK,TAJIKISTAN,EUR,,,,
2022-01-30,TKL,TOKELAU,WPR,,,,
2023-03-05,GRD,GRENADA,AMR,,,,
2022-06-05,ROU,ROMANIA,EUR,,,,
2022-08-07,KHM,CAMBODIA,WPR,,,,
2021-01-10,IMN,ISLE OF MAN,EUR,,,,
2020-11-08,XKX,Kosovo (in accordance with UN Security Council Resolution 1244 (1999)),EUR,,,,
2023-01-15,IRQ,IRAQ,EMR,,,,
2023-10-08,GGY,GUERNSEY,EUR,,,,
2022-08-21,DJI,DJIBOUTI,EMR,,,,
2023-02-26,MYT,MAYOTTE,AFR,,,,
2021-11-21,REU,RÉUNION,AFR,,,,
2023-08-13,IND,INDIA,SEAR,,,,
2021-04-11,BFA,BURKINA FASO,AFR,,,,
2023-03-12,MNP,NORTHERN MARIANA ISLANDS (COMMONWEALTH OF THE),WPR,,,,
2023-01-08,URY,URUGUAY,AMR,119.0,16.0,119.0,16.0
2025-04-06,MDG,MADAGASCAR,AFR,,,,
2021-08-15,ARM,ARMENIA,EUR,,,,
2023-05-14,GRL,GREENLAND,EUR,,,,
2022-08-07,BWA,BOTSWANA,AFR,,,1.0,
2022-11-13,BGR,BULGARIA,EUR,63.0,436.0,964.0,1625.0
2024-11-10,GRC,GREECE,EUR,538.0,10.0,2203.0,39.0
2024-06-16,THA,THAILAND,SEAR,2881.0,,9307.0,
2020-07-19,XXF,International conveyance (American Samoa),OTHER,,,,
2020-11-08,LIE,LIECHTENSTEIN,EUR,,,,
2025-02-16,NAM,NAMIBIA,AFR,,,,
2023-12-03,CAF,CENTRAL AFRICAN REPUBLIC,AFR,,,,
2020-08-16,GRC,GREECE,EUR,,12.0,,46.0
2020-09-06,MEX,MEXICO,AMR,6688.0,538.0,28039.0,2323.0
2024-09-22,IRQ,IRAQ,EMR,,,,
2023-12-17,GIN,GUINEA,AFR,,,,
2020-06-14,BOL,BOLIVIA (PLURINATIONAL STATE OF),AMR,,,,
2023-06-04,GAB,GABON,AFR,,,,
2022-07-31,NLD,NETHERLANDS,EUR,591.0,27.0,2869.0,132.0
2024-04-14,AND,ANDORRA,EUR,,,,
2022-01-30,KIR,KIRIBATI,WPR,,,,
2023-11-12,PRK,DEMOCRATIC PEOPLE'S REPUBLIC OF KOREA,SEAR,0.0,0.0,0.0,0.0
2022-05-22,AFG,AFGHANISTAN,EMR,8.0,,44.0,
2024-06-16,LKA,SRI LANKA,SEAR,,,,
2024-07-14,VAT,HOLY SEE,EUR,,,,
2021-09-26,SUR,SURINAME,AMR,,,,
2024-02-18,CZE,CZECHIA,EUR,29.0,3.0,232.0,31.0
2022-04-10,PAN,PANAMA,AMR,,,,
2021-01-17,PLW,PALAU,WPR,,,,
2024-02-25,BRA,BRAZIL,AMR,1761.0,551.0,5255.0,1596.0
2025-03-30,MRT,MAURITANIA,AFR,,,,
2023-04-02,ABW,ARUBA,AMR,,,,
2020-01-19,SVN,SLOVENIA,EUR,,,,
2025-01-19,FIN,FINLAND,EUR,,,,
2021-07-04,SGP,SINGAPORE,WPR,,,,
2020-04-19,SWE,SWEDEN,EUR,1465.0,249.0,5683.0,1061.0
2022-01-02,GEO,GEORGIA,EUR,,,,
2020-07-26,DNK,DENMARK,EUR,20.0,,55.0,1.0
2022-08-07,GUM,GUAM,WPR,,,,
2020-05-31,MTQ,MARTINIQUE,AMR,,,,
2024-09-22,ZWE,ZIMBABWE,AFR,,,,
2020-10-04,TON,TONGA,WPR,,,,
2024-11-03,BEL,BELGIUM,EUR,,,,
2020-02-09,TON,TONGA,WPR,,,,
2021-11-07,ARM,ARMENIA,EUR,,,,
2024-01-14,VGB,BRITISH VIRGIN ISLANDS,AMR,0.0,0.0,0.0,0.0
2021-12-19,COM,COMOROS,AFR,,,,
2021-05-02,MHL,MARSHALL ISLANDS,WPR,,,,
2024-10-20,DNK,DENMARK,EUR,213.0,,816.0,
2023-03-19,DJI,DJIBOUTI,EMR,,,,
2022-03-27,PRT,PORTUGAL,EUR,1076.0,81.0,4093.0,247.0
2023-12-24,GNB,GUINEA-BISSAU,AFR,,,,
2022-12-18,AIA,ANGUILLA,AMR,,,,
2023-04-30,CHL,CHILE,AMR,140.0,8.0,847.0,64.0
2022-01-09,BEN,BENIN,AFR,,,,
2022-08-21,UZB,UZBEKISTAN,EUR,47.0,0.0,365.0,1.0
2020-11-01,MDG,MADAGASCAR,AFR,,,,
2025-04-06,TGO,TOGO,AFR,,,,
2022-03-13,IRQ,IRAQ,EMR,,,,
2021-12-19,PRI,PUERTO RICO,AMR,,,,
2021-01-24,DMA,DOMINICA,AMR,,,,
2021-05-16,PNG,PAPUA NEW GUINEA,WPR,,,,
2022-11-27,GRC,GREECE,EUR,1287.0,31.0,5400.0,136.0
2024-11-03,SYR,SYRIAN ARAB REPUBLIC,EMR,,,,
2025-01-05,AFG,AFGHANISTAN,EMR,,,,
2020-09-20,YEM,YEMEN,EMR,,,,
2025-04-27,TJK,TAJIKISTAN,EUR,,,,
2020-08-23,LSO,LESOTHO,AFR,,,,
2021-03-07,ECU,ECUADOR,AMR,791.0,,3066.0,
2020-11-29,TCD,CHAD,AFR,,,,
2023-12-03,AUS,AUSTRALIA,WPR,,,,
2021-07-18,FSM,MICRONESIA (FEDERATED STATES OF),WPR,,,,
2024-02-04,ARG,ARGENTINA,AMR,538.0,,1808.0,
2021-05-30,IRN,IRAN (ISLAMIC REPUBLIC OF),EMR,9892.0,,52570.0,
2022-06-19,GNB,GUINEA-BISSAU,AFR,,,,
2020-04-12,ETH,ETHIOPIA,AFR,,,,
2020-06-07,SOM,SOMALIA,EMR,,,1.0,
2023-04-16,CYP,CYPRUS,EUR,33.0,1.0,142.0,7.0
2022-09-18,ETH,ETHIOPIA,AFR,,,,
2020-10-04,SSD,SOUTH SUDAN,AFR,,,,
2020-12-20,MOZ,MOZAMBIQUE,AFR,,,,
2025-01-19,BMU,BERMUDA,AMR,,,,
2023-03-26,XXG,International conveyance (Solomon Islands),OTHER,,,,
2023-10-08,XXL,International commercial vessel,OTHER,,,,
2020-10-04,GBR,THE UNITED KINGDOM,EUR,,,,
2021-06-13,SAU,SAUDI ARABIA,EMR,,57.0,,300.0
2024-03-17,TKM,TURKMENISTAN,EUR,,,,
2023-05-07,COD,DEMOCRATIC REPUBLIC OF THE CONGO,AFR,,,,
2023-10-15,BLM,SAINT BARTHÉLEMY,AMR,,,,
2020-10-18,CHE,SWITZERLAND,EUR,622.0,,1150.0,
2022-10-23,UKR,UKRAINE,EUR,4341.0,155.0,22467.0,655.0
2024-12-22,ERI,ERITREA,AFR,,,,
2020-10-18,HTI,HAITI,AMR,,,,
2025-02-09,PRT,PORTUGAL,EUR,7.0,0.0,34.0,4.0
2020-09-06,SEN,SENEGAL,AFR,,,,
2024-11-17,VGB,BRITISH VIRGIN ISLANDS,AMR,0.0,0.0,0.0,0.0
2023-06-11,AUT,AUSTRIA,EUR,2.0,,11.0,
2022-03-27,HTI,HAITI,AMR,,,,
2020-06-28,ABW,ARUBA,AMR,1.0,0.0,1.0,0.0
2021-11-28,CRI,COSTA RICA,AMR,83.0,21.0,482.0,144.0
2022-09-25,GIN,GUINEA,AFR,12.0,,68.0,
2023-12-17,CAF,CENTRAL AFRICAN REPUBLIC,AFR,,,,
2020-10-11,COL,COLOMBIA,AMR,,,,
2025-01-19,DMA,DOMINICA,AMR,0.0,0.0,0.0,0.0
2021-12-12,COG,CONGO,AFR,,,,
2020-08-23,AND,ANDORRA,EUR,,,,
2021-07-04,DZA,ALGERIA,AFR,,,,
2022-04-03,MYT,MAYOTTE,AFR,,,,
2021-12-05,GMB,GAMBIA,AFR,,,,
2024-05-12,ROU,ROMANIA,EUR,,,,
2024-03-17,UKR,UKRAINE,EUR,3.0,1.0,8.0,3.0
2022-02-06,SUR,SURINAME,AMR,,,,
2022-12-25,XXH,International conveyance (Vanuatu),OTHER,,,,
2022-01-16,PAK,PAKISTAN,EMR,872.0,141.0,3051.0,205.0
2024-06-30,NAM,NAMIBIA,AFR,,,,
2022-06-19,SYR,SYRIAN ARAB REPUBLIC,EMR,,,,
2020-01-05,NIC,NICARAGUA,AMR,,,,
2023-04-02,ROU,ROMANIA,EUR,,,,
2021-08-22,LVA,LATVIA,EUR,44.0,16.0,170.0,67.0
2023-07-16,FSM,MICRONESIA (FEDERATED STATES OF),WPR,,,,
2020-10-25,LCA,SAINT LUCIA,AMR,6.0,,6.0,
2022-05-15,BES,"BONAIRE, SINT EUSTATIUS AND SABA",AMR,,,,
2024-01-07,OMN,OMAN,EMR,,,,
2024-11-10,TKL,TOKELAU,WPR,,,,
2021-05-09,BIH,BOSNIA AND HERZEGOVINA,EUR,,,,
2024-12-08,GHA,GHANA,AFR,,,,
2021-01-03,STP,SAO TOME AND PRINCIPE,AFR,,,,
2021-02-14,TUV,TUVALU,WPR,,,,
2022-05-15,BIH,BOSNIA AND HERZEGOVINA,EUR,19.0,0.0,151.0,8.0
2024-09-29,SLB,SOLOMON ISLANDS,WPR,,,,
2022-09-11,KOR,REPUBLIC OF KOREA,WPR,,,,
2021-08-08,DMA,DOMINICA,AMR,,,,
2024-01-14,MNE,MONTENEGRO,EUR,,,,
2020-12-20,BLR,BELARUS,EUR,,,,
2022-07-10,UKR,UKRAINE,EUR,364.0,44.0,1395.0,194.0
2021-03-07,CYM,CAYMAN ISLANDS,AMR,7.0,,48.0,
2021-01-31,ITA,ITALY,EUR,6840.0,974.0,32305.0,4575.0
2024-09-22,XXI,International conveyance (Kiribati),OTHER,,,,
2020-08-16,TKL,TOKELAU,WPR,,,,
2024-01-21,AUS,AUSTRALIA,WPR,,,,
2020-03-22,ALB,ALBANIA,EUR,20.0,,53.0,2.0
2023-01-29,MAF,SAINT MARTIN,AMR,,,,
2022-06-05,HND,HONDURAS,AMR,,,4.0,
2020-10-04,XXJ,International conveyance (Diamond Princess),OTHER,,,,
2020-01-19,GRL,GREENLAND,EUR,,,,
2021-03-07,REU,RÉUNION,AFR,,,,
2023-12-24,NIC,NICARAGUA,AMR,,,,
2021-01-10,ZAF,SOUTH AFRICA,AFR,,,,
2020-03-29,DOM,DOMINICAN REPUBLIC,AMR,9.0,21.0,20.0,45.0
2021-03-21,OMN,OMAN,EMR,255.0,,656.0,
2025-04-20,BDI,BURUNDI,AFR,,,,
2023-08-06,ETH,ETHIOPIA,AFR,,,,
2024-08-04,SYR,SYRIAN ARAB REPUBLIC,EMR,,,,
2020-03-22,SLV,EL SALVADOR,AMR,4.0,0.0,4.0,0.0
2020-11-22,WLF,WALLIS AND FUTUNA,WPR,,,,
2022-10-02,TKL,TOKELAU,WPR,,,,
2022-11-06,BWA,BOTSWANA,AFR,0.0,0.0,0.0,0.0
2022-08-21,AUS,AUSTRALIA,WPR,,,,
2021-03-21,KWT,KUWAIT,EMR,440.0,,919.0,
2021-11-21,DZA,ALGERIA,AFR,,,,
2020-02-09,GUF,FRENCH GUIANA,AMR,,,,
2022-04-03,GNQ,EQUATORIAL GUINEA,AFR,,,,
2021-10-10,DOM,DOMINICAN REPUBLIC,AMR,,0.0,,0.0
2022-11-13,MDV,MALDIVES,SEAR,,,,
2021-11-28,ARE,UNITED ARAB EMIRATES,EMR,,,,
2020-12-13,TKL,TOKELAU,WPR,,,,
2020-11-22,AFG,AFGHANISTAN,EMR,71.0,,500.0,
2022-07-10,IRL,IRELAND,EUR,1031.0,4.0,3298.0,22.0
2023-01-01,VIR,UNITED STATES VIRGIN ISLANDS,AMR,,,,
2022-08-21,PRI,PUERTO RICO,AMR,,,,
2023-12-17,PRY,PARAGUAY,AMR,24.0,3.0,84.0,11.0
2023-04-23,ECU,ECUADOR,AMR,,,,
2020-09-27,IND,INDIA,SEAR,,,,
2024-06-09,VGB,BRITISH VIRGIN ISLANDS,AMR,0.0,0.0,0.0,0.0
2021-08-08,COM,COMOROS,AFR,,,,
2020-03-15,KAZ,KAZAKHSTAN,EUR,,,,
2020-04-12,ISR,ISRAEL,EUR,415.0,63.0,1777.0,209.0
2022-09-18,IRN,IRAN (ISLAMIC REPUBLIC OF),EMR,,,,
2023-04-30,YEM,YEMEN,EMR,,,,
2025-04-06,KIR,KIRIBATI,WPR,,,,
2024-05-26,VEN,VENEZUELA (BOLIVARIAN REPUBLIC OF),AMR,,,,
2024-08-25,BLZ,BELIZE,AMR,,,,
2025-03-30,NIU,NIUE,WPR,,,,
2022-08-14,LKA,SRI LANKA,SEAR,,,,
2023-09-24,GTM,GUATEMALA,AMR,1.0,1.0,2.0,2.0
2025-02-23,BLZ,BELIZE,AMR,,,,
2020-01-05,FIN,FINLAND,EUR,,,,
2022-06-26,BLR,BELARUS,EUR,,,,
2021-08-15,IRN,IRAN (ISLAMIC REPUBLIC OF),EMR,18854.0,,87540.0,
2023-07-09,BWA,BOTSWANA,AFR,,,0.0,
2023-11-05,BHS,BAHAMAS,AMR,1.0,0.0,3.0,1.0
2024-02-25,SAU,SAUDI ARABIA,EMR,,,,
2023-04-02,CHE,SWITZERLAND,EUR,141.0,,645.0,
2023-05-28,VGB,BRITISH VIRGIN ISLANDS,AMR,0.0,0.0,0.0,0.0
2020-02-23,CPV,CABO VERDE,AFR,,,,
2024-11-03,ISR,ISRAEL,EUR,,,,
2023-06-11,URY,URUGUAY,AMR,11.0,4.0,59.0,17.0
2023-03-26,SVN,SLOVENIA,EUR,,,,
2023-12-17,JPN,JAPAN,WPR,,,,
2021-01-03,MLT,MALTA,EUR,29.0,8.0,131.0,21.0
2023-07-23,ZAF,SOUTH AFRICA,AFR,,,,
2023-04-09,COG,CONGO,AFR,,,,
2021-11-21,KNA,SAINT KITTS AND NEVIS,AMR,1.0,,7.0,0.0
2020-10-04,WLF,WALLIS AND FUTUNA,WPR,,,,
2025-01-05,CPV,CABO VERDE,AFR,,,,
2025-04-13,TUR,TURKEY,EUR,,,,
2020-01-05,MLI,MALI,AFR,,,,
2022-02-20,NOR,NORWAY,EUR,426.0,35.0,1177.0,93.0
2022-02-13,MYT,MAYOTTE,AFR,,,,
2020-05-10,WSM,SAMOA,WPR,,,,
2020-10-11,CZE,CZECHIA,EUR,2201.0,469.0,4847.0,1052.0
2025-01-26,SWZ,ESWATINI,AFR,,,,
2023-05-21,FSM,MICRONESIA (FEDERATED STATES OF),WPR,,,,
2020-04-05,CAF,CENTRAL AFRICAN REPUBLIC,AFR,,,,
2022-04-03,NOR,NORWAY,EUR,261.0,33.0,1631.0,150.0
2025-04-27,GIN,GUINEA,AFR,,,,
2022-05-15,BHS,BAHAMAS,AMR,,,,
2020-11-01,ARM,ARMENIA,EUR,1170.0,,5096.0,
2020-03-01,TKM,TURKMENISTAN,EUR,,,,
2022-10-16,KGZ,KYRGYZSTAN,EUR,,,,
2022-11-20,TUR,TURKEY,EUR,864.0,155.0,2859.0,508.0
2023-07-23,DNK,DENMARK,EUR,30.0,,151.0,
2021-12-19,CYP,CYPRUS,EUR,127.0,25.0,392.0,74.0
2023-04-16,MAR,MOROCCO,EMR,,0.0,,0.0
2024-12-15,HRV,CROATIA,EUR,,,,
2023-02-12,MYT,MAYOTTE,AFR,,,,
2022-11-13,CAN,CANADA,AMR,1269.0,,5779.0,
2024-03-17,SDN,SUDAN,EMR,,,,
2021-10-31,TCD,CHAD,AFR,,,,
2025-01-26,PRY,PARAGUAY,AMR,,,,
2024-01-07,TUR,TURKEY,EUR,,,,
2023-12-03,IRN,IRAN (ISLAMIC REPUBLIC OF),EMR,,,,
2023-04-09,XXI,International conveyance (Kiribati),OTHER,,,,
2020-07-12,BWA,BOTSWANA,AFR,,,,
2024-11-17,GUY,GUYANA,AMR,0.0,0.0,0.0,0.0
2024-06-30,LVA,LATVIA,EUR,,,,
2021-01-10,NER,NIGER,AFR,,,,
2024-02-25,CHN,CHINA,WPR,,,,
2021-01-31,GUY,GUYANA,AMR,,,,
2022-05-15,BRB,BARBADOS,AMR,,,,
2023-05-14,WSM,SAMOA,WPR,,,,
2024-02-04,RWA,RWANDA,AFR,,,0.0,0.0
2021-02-21,MSR,MONTSERRAT,AMR,,,,
2021-11-07,VIR,UNITED STATES VIRGIN ISLANDS,AMR,,,,
2024-09-01,POL,POLAND,EUR,13.0,,38.0,
2021-07-25,TCA,TURKS AND CAICOS ISLANDS,AMR,2.0,,2.0,
2023-09-03,MDV,MALDIVES,SEAR,,,,
2021-11-07,ATG,ANTIGUA AND BARBUDA,AMR,,,,
2020-06-21,SWE,SWEDEN,EUR,263.0,74.0,1399.0,412.0
2022-10-16,COK,COOK ISLANDS,WPR,,,,
2021-03-21,PSE,"OCCUPIED PALESTINIAN TERRITORY, INCLUDING EAST JERUSALEM",EMR,,,,
2024-12-29,GIN,GUINEA,AFR,,,,
2023-05-07,RWA,RWANDA,AFR,,,,
2021-08-08,MDG,MADAGASCAR,AFR,,,,
2023-12-03,AIA,ANGUILLA,AMR,,,,
2025-02-09,MEX,MEXICO,AMR,,,,
2023-06-18,BRB,BARBADOS,AMR,,,,
2023-05-07,LTU,LITHUANIA,EUR,507.0,4.0,2349.0,34.0
2022-07-10,ARM,ARMENIA,EUR,,,,
2023-07-16,IDN,INDONESIA,SEAR,58.0,8.0,369.0,34.0
2021-01-03,SHN,SAINT HELENA,AFR,,,,
2020-03-08,LKA,SRI LANKA,SEAR,,,,
2020-11-22,KNA,SAINT KITTS AND NEVIS,AMR,,,,
2023-07-23,SWZ,ESWATINI,AFR,,,,
2021-11-21,XKX,Kosovo (in accordance with UN Security Council Resolution 1244 (1999)),EUR,,,,
2020-01-26,VAT,HOLY SEE,EUR,,,,
2023-01-29,MUS,MAURITIUS,AFR,,,,
2024-09-29,TGO,TOGO,AFR,,,,
2023-02-12,JPN,JAPAN,WPR,,,,
2023-09-03,TZA,UNITED REPUBLIC OF TANZANIA,AFR,,,,
2022-02-13,BIH,BOSNIA AND HERZEGOVINA,EUR,739.0,69.0,4072.0,315.0
2024-03-31,STP,SAO TOME AND PRINCIPE,AFR,,,,
2020-03-08,ECU,ECUADOR,AMR,1.0,,3.0,
2024-11-17,IRQ,IRAQ,EMR,,,,
2021-11-14,KNA,SAINT KITTS AND NEVIS,AMR,0.0,,10.0,0.0
2022-07-17,GRD,GRENADA,AMR,,,,
2021-01-31,UGA,UGANDA,AFR,,,,
2020-10-04,GUM,GUAM,WPR,,,,
2020-12-27,SUR,SURINAME,AMR,,,,
2024-07-14,IDN,INDONESIA,SEAR,,,,
2020-08-09,BEL,BELGIUM,EUR,226.0,,697.0,
2020-09-20,MNE,MONTENEGRO,EUR,218.0,5.0,512.0,10.0
2024-02-18,GNQ,EQUATORIAL GUINEA,AFR,,,,
2024-05-12,JAM,JAMAICA,AMR,,,,
2023-01-01,GUY,GUYANA,AMR,,,,
2024-02-04,BDI,BURUNDI,AFR,,,,
2024-04-28,MLI,MALI,AFR,,,,
2020-05-24,PRY,PARAGUAY,AMR,,,,
2020-10-25,ASM,AMERICAN SAMOA,WPR,,,,
2022-03-20,FRO,FAROE ISLANDS,EUR,,,,
2021-11-21,BTN,BHUTAN,SEAR,,,,
2023-01-15,BLZ,BELIZE,AMR,,,,
2023-01-22,MHL,MARSHALL ISLANDS,WPR,,,,
2023-05-28,SLV,EL SALVADOR,AMR,,,,
2022-05-29,PSE,"OCCUPIED PALESTINIAN TERRITORY, INCLUDING EAST JERUSALEM",EMR,,,,
2022-10-30,IMN,ISLE OF MAN,EUR,,,,
2023-03-12,SVN,SLOVENIA,EUR,,,,
2020-02-16,THA,THAILAND,SEAR,2.0,,32.0,
2023-12-10,SEN,SENEGAL,AFR,,,,
2024-07-14,GLP,GUADELOUPE,AMR,,,,
2021-09-26,GGY,GUERNSEY,EUR,,,,
2020-07-05,SEN,SENEGAL,AFR,,,,
2023-05-14,SSD,SOUTH SUDAN,AFR,,,,
2021-05-09,SAU,SAUDI ARABIA,EMR,,33.0,,500.0
2024-01-21,NIU,NIUE,WPR,,,,
2024-05-26,UKR,UKRAINE,EUR,2.0,0.0,5.0,0.0
2020-07-26,BEN,BENIN,AFR,,,,
2025-03-30,TKM,TURKMENISTAN,EUR,,,,
2022-06-26,VCT,SAINT VINCENT AND THE GRENADINES,AMR,,,,
2024-08-04,NOR,NORWAY,EUR,,,,
2020-09-27,MWI,MALAWI,AFR,,,,
2020-04-19,CUB,CUBA,AMR,,,,
2022-10-09,SRB,SERBIA,EUR,,,,
2025-04-06,PAK,PAKISTAN,EMR,,,,
2021-04-18,CAN,CANADA,AMR,2899.0,,9109.0,
2021-05-30,BRN,BRUNEI DARUSSALAM,WPR,,,,
2023-11-26,PRK,DEMOCRATIC PEOPLE'S REPUBLIC OF KOREA,SEAR,,,0.0,0.0
2024-08-04,BEN,BENIN,AFR,,,,
2022-07-24,POL,POLAND,EUR,90.0,,203.0,
2023-07-23,CZE,CZECHIA,EUR,6.0,1.0,25.0,2.0
2020-06-21,BGR,BULGARIA,EUR,191.0,,426.0,
2022-01-02,SPM,SAINT PIERRE AND MIQUELON,AMR,,,,
2025-03-30,PYF,FRENCH POLYNESIA,WPR,,,,
2024-09-01,CAN,CANADA,AMR,,,,
2023-03-26,LAO,LAO PEOPLE'S DEMOCRATIC REPUBLIC,WPR,,,,
2021-01-17,CHN,CHINA,WPR,803.0,,1489.0,
2021-11-28,SRB,SERBIA,EUR,,,,
2021-08-15,SGP,SINGAPORE,WPR,,,,
2020-11-22,STP,SAO TOME AND PRINCIPE,AFR,,,,
2020-02-02,SHN,SAINT HELENA,AFR,,,,
2022-01-09,JPN,JAPAN,WPR,,,,
2025-03-02,BES,"BONAIRE, SINT EUSTATIUS AND SABA",AMR,,,,
2021-03-21,UGA,UGANDA,AFR,,,,
2020-03-01,JEY,JERSEY,EUR,,,,
2022-06-19,ABW,ARUBA,AMR,15.0,2.0,49.0,4.0
2022-12-04,PAN,PANAMA,AMR,,,,
2021-09-26,CMR,CAMEROON,AFR,,,,
2022-12-18,IND,INDIA,SEAR,,,,
2023-10-22,EGY,EGYPT,EMR,,,,
2020-08-16,GUY,GUYANA,AMR,,,,
2020-05-10,GIB,GIBRALTAR,EUR,,,,
2024-01-14,BRB,BARBADOS,AMR,,,,
2025-02-16,FSM,MICRONESIA (FEDERATED STATES OF),WPR,,,,
2022-06-26,SDN,SUDAN,EMR,,,,
2024-11-24,KAZ,KAZAKHSTAN,EUR,,,,
2024-04-07,PRT,PORTUGAL,EUR,47.0,3.0,160.0,10.0
2021-03-21,DEU,GERMANY,EUR,5674.0,578.0,19558.0,1887.0
2022-06-19,GUF,FRENCH GUIANA,AMR,,,,
2020-08-23,XKX,Kosovo (in accordance with UN Security Council Resolution 1244 (1999)),EUR,,,,
2024-04-28,SVN,SLOVENIA,EUR,,,,
2024-12-29,THA,THAILAND,SEAR,,,2174.0,
2021-06-27,SOM,SOMALIA,EMR,,,,2.0
2020-02-16,TKM,TURKMENISTAN,EUR,,,,
2022-10-30,DEU,GERMANY,EUR,,,7308.0,464.0
2022-08-14,NRU,NAURU,WPR,,,,
2020-03-22,NGA,NIGERIA,AFR,,,,
2020-04-26,ARM,ARMENIA,EUR,456.0,,729.0,
2025-04-20,AZE,AZERBAIJAN,EUR,,,,
2023-10-15,YEM,YEMEN,EMR,,,,
2024-02-18,NCL,NEW CALEDONIA,WPR,,,,
2020-05-31,CYM,CAYMAN ISLANDS,AMR,0.0,0.0,0.0,0.0
2020-02-16,LBN,LEBANON,EMR,,,,
2020-09-13,PYF,FRENCH POLYNESIA,WPR,,,,
2020-08-02,NIU,NIUE,WPR,,,,
2021-12-19,MYS,MALAYSIA,WPR,9466.0,,46279.0,
2020-08-30,WLF,WALLIS AND FUTUNA,WPR,,,,
2022-07-31,VAT,HOLY SEE,EUR,,,,
2022-10-09,LSO,LESOTHO,AFR,,,,
2024-10-20,COK,COOK ISLANDS,WPR,,,,
2022-11-20,XKX,Kosovo (in accordance with UN Security Council Resolution 1244 (1999)),EUR,,,,
2020-05-31,CUW,CURAÇAO,AMR,0.0,0.0,0.0,0.0
2025-04-27,LUX,LUXEMBOURG,EUR,,,,
2020-05-03,COG,CONGO,AFR,,,,
2022-12-04,OMN,OMAN,EMR,,,,
2022-02-27,SLE,SIERRA LEONE,AFR,,,,
2021-06-13,GIB,GIBRALTAR,EUR,,,,
2020-05-24,KOR,REPUBLIC OF KOREA,WPR,,,,
2021-08-15,KHM,CAMBODIA,WPR,,,,
2020-10-11,LAO,LAO PEOPLE'S DEMOCRATIC REPUBLIC,WPR,,,,
2023-07-16,TUR,TURKEY,EUR,,,,
2020-01-19,HUN,HUNGARY,EUR,,,,
2021-07-25,SHN,SAINT HELENA,AFR,,,,
2023-03-26,IDN,INDONESIA,SEAR,440.0,28.0,1428.0,81.0
2020-05-31,AND,ANDORRA,EUR,,,,
2023-09-10,GEO,GEORGIA,EUR,486.0,,1998.0,
2024-03-31,MSR,MONTSERRAT,AMR,,,,
2021-12-19,MMR,MYANMAR,SEAR,,,,
2023-03-12,DMA,DOMINICA,AMR,0.0,,0.0,
2023-11-05,JEY,JERSEY,EUR,,,,
2022-01-23,SLE,SIERRA LEONE,AFR,,,,
2022-12-04,ROU,ROMANIA,EUR,,,,
2022-01-02,SAU,SAUDI ARABIA,EMR,,7.0,,7.0
2025-02-02,CRI,COSTA RICA,AMR,11.0,0.0,49.0,2.0
2023-03-26,USA,UNITED STATES OF AMERICA,AMR,17303.0,,77870.0,
2021-07-25,GTM,GUATEMALA,AMR,87.0,44.0,274.0,161.0
2024-03-10,ARM,ARMENIA,EUR,,,,
2020-05-24,FJI,FIJI,WPR,,,,
2023-03-19,RWA,RWANDA,AFR,,,,
2022-01-09,SWE,SWEDEN,EUR,589.0,84.0,1415.0,307.0
2022-08-28,ZWE,ZIMBABWE,AFR,3.0,,14.0,
2020-11-22,CIV,CÔTE D’IVOIRE,AFR,,,,
2023-11-05,TGO,TOGO,AFR,,,0.0,
2021-01-31,ASM,AMERICAN SAMOA,WPR,,,,
2022-03-13,KOR,REPUBLIC OF KOREA,WPR,,,,
2022-08-21,BWA,BOTSWANA,AFR,,,1.0,
2022-02-27,TUV,TUVALU,WPR,,,,
2024-05-12,CAN,CANADA,AMR,172.0,12.0,617.0,56.0
2024-08-25,BTN,BHUTAN,SEAR,,,,
2024-12-01,SWZ,ESWATINI,AFR,,,,
2024-12-15,ASM,AMERICAN SAMOA,WPR,,,,
2021-05-30,ARE,UNITED ARAB EMIRATES,EMR,,,,
2022-07-24,LBY,LIBYA,EMR,,,,
2022-09-04,PRY,PARAGUAY,AMR,,,,
2021-01-03,PAN,PANAMA,AMR,,,,
2021-01-24,LSO,LESOTHO,AFR,,,,
2022-06-05,TTO,TRINIDAD AND TOBAGO,AMR,,,,
2020-01-05,NER,NIGER,AFR,,,,
2023-08-06,SOM,SOMALIA,EMR,,,,
2023-01-29,COM,COMOROS,AFR,,,,
2022-01-02,MHL,MARSHALL ISLANDS,WPR,,,,
2022-01-30,SYC,SEYCHELLES,AFR,,,,
2024-12-08,SMR,SAN MARINO,EUR,,,,
2021-12-12,XXL,International commercial vessel,OTHER,,,,
2022-10-09,MTQ,MARTINIQUE,AMR,,,,
2020-07-19,KAZ,KAZAKHSTAN,EUR,,,,
2021-05-23,DMA,DOMINICA,AMR,,,,
2023-04-09,NOR,NORWAY,EUR,179.0,16.0,594.0,45.0
2023-04-16,RWA,RWANDA,AFR,,,,
2023-02-26,COK,COOK ISLANDS,WPR,,,,
2020-07-12,COK,COOK ISLANDS,WPR,,,,
2022-06-19,TTO,TRINIDAD AND TOBAGO,AMR,,,,
2025-01-05,MTQ,MARTINIQUE,AMR,,,,
2021-08-22,TUV,TUVALU,WPR,,,,
2023-07-30,LKA,SRI LANKA,SEAR,,,,
2024-04-21,VNM,VIET NAM,WPR,,,,
2024-06-30,MLT,MALTA,EUR,75.0,4.0,213.0,6.0
2024-09-22,XXL,International commercial vessel,OTHER,,,,
2020-12-06,GAB,GABON,AFR,,,,
2021-06-13,MLT,MALTA,EUR,0.0,,5.0,
2024-11-24,COK,COOK ISLANDS,WPR,,,,
2022-01-09,KHM,CAMBODIA,WPR,,,,
2021-08-22,EST,ESTONIA,EUR,69.0,11.0,226.0,20.0
2022-07-31,KIR,KIRIBATI,WPR,,,,
2020-12-20,BMU,BERMUDA,AMR,1.0,0.0,7.0,2.0
2021-07-25,SDN,SUDAN,EMR,,,,
2021-01-03,GEO,GEORGIA,EUR,,,,
2021-07-18,XKX,Kosovo (in accordance with UN Security Council Resolution 1244 (1999)),EUR,,,,8.0
2023-04-30,PER,PERU,AMR,,,,
2023-09-10,GHA,GHANA,AFR,,,,
2025-03-30,DZA,ALGERIA,AFR,,,,
2024-09-15,BES,"BONAIRE, SINT EUSTATIUS AND SABA",AMR,,,,
2025-04-27,NIU,NIUE,WPR,,,,
2023-12-03,GMB,GAMBIA,AFR,,,,
2022-09-18,BES,"BONAIRE, SINT EUSTATIUS AND SABA",AMR,,,,
2024-12-08,GLP,GUADELOUPE,AMR,,,,
2021-04-11,LTU,LITHUANIA,EUR,361.0,4.0,1305.0,13.0
2024-01-21,PSE,"OCCUPIED PALESTINIAN TERRITORY, INCLUDING EAST JERUSALEM",EMR,,,,
2023-07-23,IDN,INDONESIA,SEAR,33.0,2.0,233.0,14.0
2024-12-01,IDN,INDONESIA,SEAR,,,,
2022-01-23,VCT,SAINT VINCENT AND THE GRENADINES,AMR,,,,
2021-12-19,BOL,BOLIVIA (PLURINATIONAL STATE OF),AMR,,,,
2020-10-25,TLS,TIMOR-LESTE,SEAR,0.0,,2.0,
2024-09-22,SPM,SAINT PIERRE AND MIQUELON,AMR,,,,
2023-06-04,LTU,LITHUANIA,EUR,372.0,7.0,1434.0,11.0
2023-03-26,JOR,JORDAN,EMR,,,,
2024-05-19,VUT,VANUATU,WPR,,,,
2025-01-12,ALB,ALBANIA,EUR,,,,
2024-02-04,XXJ,International conveyance (Diamond Princess),OTHER,,,,
2022-09-11,SMR,SAN MARINO,EUR,,,,
2020-05-03,GUF,FRENCH GUIANA,AMR,,,,
2023-02-19,BEL,BELGIUM,EUR,1215.0,,3636.0,
2024-11-03,KNA,SAINT KITTS AND NEVIS,AMR,,,,
2020-03-29,SPM,SAINT PIERRE AND MIQUELON,AMR,,,,
2023-07-23,GGY,GUERNSEY,EUR,,,,
2025-01-26,EGY,EGYPT,EMR,,,,
2024-11-10,PNG,PAPUA NEW GUINEA,WPR,,,,
2024-06-23,CYM,CAYMAN ISLANDS,AMR,,,,
2024-04-28,NIC,NICARAGUA,AMR,,,,
2020-09-06,ECU,ECUADOR,AMR,769.0,,3348.0,
2024-12-29,HRV,CROATIA,EUR,,,,
2020-08-23,SWE,SWEDEN,EUR,45.0,8.0,182.0,48.0
2022-05-08,SYR,SYRIAN ARAB REPUBLIC,EMR,,,,
2025-02-23,ISL,ICELAND,EUR,,,,
2020-01-26,JEY,JERSEY,EUR,,,,
2023-04-02,GUY,GUYANA,AMR,,,,
2021-04-25,IRL,IRELAND,EUR,120.0,18.0,516.0,66.0
2023-01-29,GUM,GUAM,WPR,,,,
2022-04-10,IRN,IRAN (ISLAMIC REPUBLIC OF),EMR,3036.0,,10500.0,
2022-12-04,JOR,JORDAN,EMR,,,,
2021-10-10,SYR,SYRIAN ARAB REPUBLIC,EMR,23.0,,113.0,
2021-02-14,HND,HONDURAS,AMR,99.0,0.0,329.0,1.0
2025-02-02,JAM,JAMAICA,AMR,,,,
2024-12-01,MKD,NORTH MACEDONIA,EUR,0.0,,0.0,
2024-04-28,TUR,TURKEY,EUR,,,,
2024-06-02,BIH,BOSNIA AND HERZEGOVINA,EUR,0.0,0.0,1.0,0.0
2024-12-15,KWT,KUWAIT,EMR,,,,
2022-07-24,TON,TONGA,WPR,,,,
2023-01-29,BDI,BURUNDI,AFR,0.0,,0.0,
2020-03-15,BRA,BRAZIL,AMR,79.0,35.0,101.0,42.0
2021-02-07,PRK,DEMOCRATIC PEOPLE'S REPUBLIC OF KOREA,SEAR,,,,
2021-08-29,ITA,ITALY,EUR,2603.0,258.0,9441.0,891.0
2020-04-26,GNQ,EQUATORIAL GUINEA,AFR,,,,
2023-12-03,SWZ,ESWATINI,AFR,,,0.0,
2021-02-07,BLZ,BELIZE,AMR,,,,
2021-02-21,MRT,MAURITANIA,AFR,,,,
2025-03-23,ISL,ICELAND,EUR,,,,
2023-04-23,GBR,THE UNITED KINGDOM,EUR,,,,
2021-01-31,PAN,PANAMA,AMR,,,,
2024-06-23,KHM,CAMBODIA,WPR,,,,
2023-07-02,IRQ,IRAQ,EMR,,,,
2020-09-27,TJK,TAJIKISTAN,EUR,,,,
2025-01-12,NGA,NIGERIA,AFR,,,,
2020-01-12,AIA,ANGUILLA,AMR,,,,
2024-07-14,RWA,RWANDA,AFR,,,,
2022-01-02,FRO,FAROE ISLANDS,EUR,,,,
2021-01-10,COM,COMOROS,AFR,,,,
2021-10-24,GIB,GIBRALTAR,EUR,,,,
2023-05-14,MCO,MONACO,EUR,,,,
2020-02-23,KNA,SAINT KITTS AND NEVIS,AMR,,,,
2022-04-03,CYM,CAYMAN ISLANDS,AMR,,,,
2022-06-12,FSM,MICRONESIA (FEDERATED STATES OF),WPR,,,,
2020-08-09,COL,COLOMBIA,AMR,,,,
2024-08-25,HRV,CROATIA,EUR,,,,
2023-03-05,XXI,International conveyance (Kiribati),OTHER,,,,
2020-03-08,GUM,GUAM,WPR,,,,
2020-08-16,MCO,MONACO,EUR,,,,
2025-01-26,CUW,CURAÇAO,AMR,,,,
2025-03-09,PSE,"OCCUPIED PALESTINIAN TERRITORY, INCLUDING EAST JERUSALEM",EMR,,,,
2022-01-23,MRT,MAURITANIA,AFR,,,,
2023-04-30,LBN,LEBANON,EMR,,,,
2024-12-15,GNQ,EQUATORIAL GUINEA,AFR,,,,
2020-09-27,LBY,LIBYA,EMR,,,,
2020-10-11,ROU,ROMANIA,EUR,18319.0,,47159.0,
2021-12-05,MSR,MONTSERRAT,AMR,,,,
2025-02-23,PCN,PITCAIRN ISLANDS,WPR,,,,
2022-12-11,SLV,EL SALVADOR,AMR,,,,
2024-09-08,LBN,LEBANON,EMR,,,,
2022-06-05,TUR,TURKEY,EUR,378.0,83.0,1806.0,419.0
2024-09-01,CPV,CABO VERDE,AFR,,,,
2021-01-24,MNG,MONGOLIA,WPR,,,,
2023-06-11,PYF,FRENCH POLYNESIA,WPR,,,,
2021-02-28,NIC,NICARAGUA,AMR,,,,
2025-02-09,HTI,HAITI,AMR,0.0,0.0,0.0,0.0
2020-06-28,FJI,FIJI,WPR,,,,
2023-08-06,SHN,SAINT HELENA,AFR,,,,
2023-03-12,ERI,ERITREA,AFR,,,,
2023-09-03,TUV,TUVALU,WPR,,,,
2021-12-05,HUN,HUNGARY,EUR,,,,
2020-08-23,BLM,SAINT BARTHÉLEMY,AMR,,,,
2023-01-01,TKM,TURKMENISTAN,EUR,,,,
2022-01-02,BGR,BULGARIA,EUR,2666.0,,5780.0,
2022-12-25,AGO,ANGOLA,AFR,,,,
2025-03-09,MDV,MALDIVES,SEAR,,,,
2022-04-24,ARE,UNITED ARAB EMIRATES,EMR,,,,
2024-04-14,ITA,ITALY,EUR,127.0,2.0,493.0,14.0
2023-01-29,CYM,CAYMAN ISLANDS,AMR,,,,
2022-06-12,GUY,GUYANA,AMR,,,,
2023-02-19,COM,COMOROS,AFR,,,,
2023-07-30,MCO,MONACO,EUR,,,,
2021-08-22,ARM,ARMENIA,EUR,,,,
2020-01-19,PRT,PORTUGAL,EUR,,,,
2023-03-05,MRT,MAURITANIA,AFR,,,,
2020-06-07,TLS,TIMOR-LESTE,SEAR,,,,
2024-06-30,BOL,BOLIVIA (PLURINATIONAL STATE OF),AMR,0.0,0.0,1.0,0.0
2022-06-26,BOL,BOLIVIA (PLURINATIONAL STATE OF),AMR,,,,
2020-08-02,CUB,CUBA,AMR,,,,
2025-02-09,ETH,ETHIOPIA,AFR,,,,
2020-10-11,TTO,TRINIDAD AND TOBAGO,AMR,,,,
2020-12-13,ZAF,SOUTH AFRICA,AFR,,,,
2024-05-05,SDN,SUDAN,EMR,,,,
2025-01-12,MDA,REPUBLIC OF MOLDOVA,EUR,,,,
2021-10-10,CRI,COSTA RICA,AMR,554.0,108.0,2917.0,588.0
2020-03-22,FJI,FIJI,WPR,4.0,,4.0,
2024-03-10,IRN,IRAN (ISLAMIC REPUBLIC OF),EMR,,,,
2023-01-29,BWA,BOTSWANA,AFR,1.0,,7.0,
2020-04-19,VNM,VIET NAM,WPR,8.0,,140.0,
2024-03-17,NAM,NAMIBIA,AFR,,,6.0,0.0
2022-03-13,SWZ,ESWATINI,AFR,,,,
2024-12-15,ARG,ARGENTINA,AMR,62.0,,293.0,
2023-07-02,CIV,CÔTE D’IVOIRE,AFR,,,,
2021-11-28,ITA,ITALY,EUR,3143.0,331.0,10164.0,1039.0
2024-04-07,NOR,NORWAY,EUR,,1.0,,3.0
2022-01-16,SYR,SYRIAN ARAB REPUBLIC,EMR,,,1.0,
2020-08-09,USA,UNITED STATES OF AMERICA,AMR,32884.0,,127012.0,
2021-05-30,BHS,BAHAMAS,AMR,43.0,2.0,139.0,3.0
2022-07-31,MMR,MYANMAR,SEAR,,,,
2022-05-08,NPL,NEPAL,SEAR,,,,
2024-07-07,AUT,AUSTRIA,EUR,,,,
2024-05-19,CAF,CENTRAL AFRICAN REPUBLIC,AFR,,,,
2020-04-12,MDV,MALDIVES,SEAR,1.0,,5.0,
2022-12-11,LBY,LIBYA,EMR,,,,
2024-06-30,RUS,RUSSIAN FEDERATION,EUR,933.0,,5695.0,
2020-05-31,IRN,IRAN (ISLAMIC REPUBLIC OF),EMR,,,,
2020-05-03,VUT,VANUATU,WPR,,,,
2024-02-11,GGY,GUERNSEY,EUR,,,,
2022-12-11,DMA,DOMINICA,AMR,,,,
2024-01-07,IND,INDIA,SEAR,,,,
2021-03-21,LTU,LITHUANIA,EUR,319.0,3.0,1317.0,14.0
2023-09-17,CHE,SWITZERLAND,EUR,76.0,,284.0,
2020-12-06,LBY,LIBYA,EMR,,,,
2020-11-29,HTI,HAITI,AMR,,,,
2022-10-16,GUM,GUAM,WPR,,,,
2021-06-06,GBR,THE UNITED KINGDOM,EUR,,,,
2024-09-15,CYM,CAYMAN ISLANDS,AMR,,,,
2021-12-12,MTQ,MARTINIQUE,AMR,,,,
2025-01-26,NLD,NETHERLANDS,EUR,,,,
2022-04-24,SLB,SOLOMON ISLANDS,WPR,,,,
2023-04-16,ITA,ITALY,EUR,1714.0,60.0,5943.0,177.0
2022-04-24,BMU,BERMUDA,AMR,0.0,,0.0,
2020-11-01,NPL,NEPAL,SEAR,,,,
2020-02-23,MTQ,MARTINIQUE,AMR,,,,
2022-10-30,SVK,SLOVAKIA,EUR,312.0,2.0,1670.0,26.0
2023-02-05,MNG,MONGOLIA,WPR,8.0,0.0,100.0,0.0
2021-08-15,SDN,SUDAN,EMR,,,,
2025-02-23,LTU,LITHUANIA,EUR,16.0,0.0,52.0,2.0
2020-05-24,IDN,INDONESIA,SEAR,2456.0,,5868.0,
2023-07-30,NZL,NEW ZEALAND,WPR,103.0,6.0,510.0,21.0
2020-12-13,KNA,SAINT KITTS AND NEVIS,AMR,0.0,,0.0,
2023-04-30,SYC,SEYCHELLES,AFR,,,,
2020-11-01,KOR,REPUBLIC OF KOREA,WPR,,,,
2024-04-28,MKD,NORTH MACEDONIA,EUR,0.0,0.0,1.0,0.0
2021-03-28,NGA,NIGERIA,AFR,,,,
2022-04-03,FIN,FINLAND,EUR,4.0,,30.0,8.0
2021-08-29,AUS,AUSTRALIA,WPR,,,,
2022-05-08,IMN,ISLE OF MAN,EUR,,,,
2020-01-19,FRO,FAROE ISLANDS,EUR,,,,
2022-05-15,SYR,SYRIAN ARAB REPUBLIC,EMR,,,,
2024-05-12,KHM,CAMBODIA,WPR,,,,
2020-04-26,GRC,GREECE,EUR,,10.0,31.0,87.0
2022-11-20,KGZ,KYRGYZSTAN,EUR,9.0,,9.0,
2023-06-11,GBR,THE UNITED KINGDOM,EUR,,,,
2024-06-09,CAN,CANADA,AMR,146.0,13.0,633.0,50.0
2020-03-22,CAF,CENTRAL AFRICAN REPUBLIC,AFR,,,,
2020-04-12,CRI,COSTA RICA,AMR,0.0,0.0,3.0,3.0
2020-06-28,VCT,SAINT VINCENT AND THE GRENADINES,AMR,,,0.0,0.0
2023-04-23,EST,ESTONIA,EUR,143.0,1.0,563.0,4.0
2022-02-06,XXL,International commercial vessel,OTHER,,,,
2021-10-24,FIN,FINLAND,EUR,48.0,14.0,240.0,64.0
2021-08-15,GUF,FRENCH GUIANA,AMR,,,,
2021-05-02,LAO,LAO PEOPLE'S DEMOCRATIC REPUBLIC,WPR,,,,
2022-05-29,YEM,YEMEN,EMR,,,,
2024-10-13,BGD,BANGLADESH,SEAR,0.0,,0.0,
2022-02-27,TJK,TAJIKISTAN,EUR,,,,
2024-05-19,NRU,NAURU,WPR,,,,
2022-05-08,PHL,PHILIPPINES,WPR,,,,
2023-01-08,TUN,TUNISIA,EMR,10.0,,55.0,
2023-03-26,FRO,FAROE ISLANDS,EUR,,,,
2023-09-24,PER,PERU,AMR,,,,
2023-06-25,BFA,BURKINA FASO,AFR,,,,
2025-03-30,SOM,SOMALIA,EMR,,,,
2024-08-25,COG,CONGO,AFR,,,,
2023-06-11,GHA,GHANA,AFR,,,,
2020-03-08,GRD,GRENADA,AMR,,,,
2022-10-30,THA,THAILAND,SEAR,2551.0,,7401.0,
2021-11-28,MDA,REPUBLIC OF MOLDOVA,EUR,,,,
2020-01-12,MMR,MYANMAR,SEAR,,,,
2022-04-03,JEY,JERSEY,EUR,,,,
2020-08-30,SOM,SOMALIA,EMR,4.0,,13.0,
2020-02-02,CYM,CAYMAN ISLANDS,AMR,,,,
2021-04-25,TUN,TUNISIA,EMR,789.0,,2702.0,1897.0
2024-02-11,LTU,LITHUANIA,EUR,51.0,3.0,259.0,13.0
2020-07-26,EST,ESTONIA,EUR,,,3.0,3.0
2023-03-12,BEL,BELGIUM,EUR,1981.0,,6471.0,
2023-11-05,BMU,BERMUDA,AMR,,,,
2021-02-07,MYT,MAYOTTE,AFR,,,,
2025-03-23,GUM,GUAM,WPR,,,,
2024-09-15,NAM,NAMIBIA,AFR,,,,
2021-07-04,CYP,CYPRUS,EUR,75.0,11.0,163.0,26.0
2020-11-29,ARM,ARMENIA,EUR,1401.0,,5302.0,
2023-11-05,AUS,AUSTRALIA,WPR,,,,
2021-08-29,COK,COOK ISLANDS,WPR,,,,
2023-04-02,RWA,RWANDA,AFR,,,,
2020-01-05,IMN,ISLE OF MAN,EUR,,,,
2024-11-10,CHE,SWITZERLAND,EUR,,,,
2021-01-03,TUR,TURKEY,EUR,13154.0,2181.0,77420.0,13169.0
2023-11-05,CIV,CÔTE D’IVOIRE,AFR,,,,
2021-12-05,KHM,CAMBODIA,WPR,,,,
2020-09-27,BEN,BENIN,AFR,,,,
2024-10-13,GLP,GUADELOUPE,AMR,,,,
2023-01-01,IMN,ISLE OF MAN,EUR,,,,
2022-01-30,AFG,AFGHANISTAN,EMR,10.0,,192.0,
2020-02-02,WSM,SAMOA,WPR,,,,
2023-12-10,TCD,CHAD,AFR,,,,
2020-09-13,ABW,ARUBA,AMR,43.0,7.0,131.0,32.0
2023-03-12,SLV,EL SALVADOR,AMR,,,,
2020-04-05,BGD,BANGLADESH,SEAR,,,17.0,0.0
2024-03-24,JOR,JORDAN,EMR,,,,
2022-02-20,IRN,IRAN (ISLAMIC REPUBLIC OF),EMR,12947.0,,50939.0,
2023-10-01,COL,COLOMBIA,AMR,56.0,,256.0,
2023-04-23,SSD,SOUTH SUDAN,AFR,,,,
2024-11-10,XXF,International conveyance (American Samoa),OTHER,,,,
2025-01-12,VCT,SAINT VINCENT AND THE GRENADINES,AMR,,,,
2023-01-08,HTI,HAITI,AMR,,,,
2024-12-15,GHA,GHANA,AFR,,,,
2021-08-08,QAT,QATAR,EMR,46.0,11.0,175.0,37.0
2020-03-08,PER,PERU,AMR,,,,
2020-06-21,JEY,JERSEY,EUR,0.0,,4.0,0.0
2022-11-27,BLZ,BELIZE,AMR,,,,
2021-01-24,MRT,MAURITANIA,AFR,,,,
2022-07-24,BMU,BERMUDA,AMR,,,,
2023-08-20,FSM,MICRONESIA (FEDERATED STATES OF),WPR,,,,
2021-10-10,DNK,DENMARK,EUR,88.0,2.0,256.0,8.0
2023-07-23,NLD,NETHERLANDS,EUR,38.0,3.0,144.0,8.0
2021-07-18,GNB,GUINEA-BISSAU,AFR,,,,
2021-11-21,HRV,CROATIA,EUR,,,,
2022-02-27,BWA,BOTSWANA,AFR,,,,
2022-01-16,LCA,SAINT LUCIA,AMR,,,,
2022-12-25,UZB,UZBEKISTAN,EUR,,,1055.0,0.0
2024-11-17,YEM,YEMEN,EMR,,,,
2023-05-14,POL,POLAND,EUR,7.0,,34.0,
2025-03-09,AGO,ANGOLA,AFR,,,,
2023-05-28,BWA,BOTSWANA,AFR,0.0,,0.0,0.0
2023-11-19,JAM,JAMAICA,AMR,,,,
2020-05-03,KEN,KENYA,AFR,,,,
2025-04-13,SWE,SWEDEN,EUR,,1.0,,4.0
2024-04-21,GBR,THE UNITED KINGDOM,EUR,,,,
2022-06-05,LCA,SAINT LUCIA,AMR,,,,
2024-09-15,COG,CONGO,AFR,,,,
2021-01-17,GLP,GUADELOUPE,AMR,,,,
2024-09-22,PSE,"OCCUPIED PALESTINIAN TERRITORY, INCLUDING EAST JERUSALEM",EMR,,,,
2021-12-19,MWI,MALAWI,AFR,,,,
2020-02-02,POL,POLAND,EUR,8.0,,19.0,
2020-09-13,XXJ,International conveyance (Diamond Princess),OTHER,,,,
2023-08-13,SHN,SAINT HELENA,AFR,,,,
2021-03-28,KIR,KIRIBATI,WPR,,,,
2024-08-25,AGO,ANGOLA,AFR,0.0,0.0,0.0,0.0
2020-11-22,PNG,PAPUA NEW GUINEA,WPR,,,,
2020-11-08,MLT,MALTA,EUR,75.0,3.0,235.0,23.0
2023-08-20,KOR,REPUBLIC OF KOREA,WPR,,,,
2024-05-26,SEN,SENEGAL,AFR,0.0,0.0,0.0,0.0
2022-04-24,TUR,TURKEY,EUR,1252.0,284.0,8689.0,1652.0
2024-02-11,PRI,PUERTO RICO,AMR,,,,
2022-04-24,ALB,ALBANIA,EUR,6.0,,29.0,
2023-09-03,SRB,SERBIA,EUR,,,,
2022-10-23,ASM,AMERICAN SAMOA,WPR,,,,
2024-12-01,UGA,UGANDA,AFR,,,,
2024-03-17,KWT,KUWAIT,EMR,,,,
2022-05-01,GBR,THE UNITED KINGDOM,EUR,,,,
2025-03-16,TCD,CHAD,AFR,,,,
2021-02-21,MMR,MYANMAR,SEAR,,,,
2022-10-02,CYM,CAYMAN ISLANDS,AMR,,,,
2022-12-18,FRO,FAROE ISLANDS,EUR,,,,
2021-08-15,VCT,SAINT VINCENT AND THE GRENADINES,AMR,,,,
2020-06-21,EST,ESTONIA,EUR,5.0,0.0,14.0,1.0
2023-05-14,MNP,NORTHERN MARIANA ISLANDS (COMMONWEALTH OF THE),WPR,,,,
2020-08-30,GRC,GREECE,EUR,,18.0,,65.0
2021-10-17,ERI,ERITREA,AFR,,,,
2022-07-10,ALB,ALBANIA,EUR,68.0,,144.0,
2022-03-20,TZA,UNITED REPUBLIC OF TANZANIA,AFR,,,,
2020-02-02,TCD,CHAD,AFR,,,,
2024-02-25,USA,UNITED STATES OF AMERICA,AMR,17677.0,,78177.0,
2020-05-17,DEU,GERMANY,EUR,647.0,57.0,4789.0,461.0
2024-04-28,GUF,FRENCH GUIANA,AMR,,,,
2022-03-20,XXI,International conveyance (Kiribati),OTHER,,,,
2024-09-15,REU,RÉUNION,AFR,,,,
2023-07-30,PRI,PUERTO RICO,AMR,,,,
2020-11-22,QAT,QATAR,EMR,21.0,17.0,89.0,68.0
2020-07-05,NLD,NETHERLANDS,EUR,5.0,5.0,58.0,26.0
2024-03-17,SAU,SAUDI ARABIA,EMR,,,,
2024-12-08,KIR,KIRIBATI,WPR,,,,
2022-01-23,JPN,JAPAN,WPR,,,,
2023-07-16,MAF,SAINT MARTIN,AMR,,,,
2022-06-19,CHN,CHINA,WPR,399.0,,1954.0,
2023-07-30,NOR,NORWAY,EUR,44.0,3.0,125.0,8.0
2022-09-18,BFA,BURKINA FASO,AFR,0.0,0.0,0.0,0.0
2020-09-27,PYF,FRENCH POLYNESIA,WPR,,,,
2022-06-12,EGY,EGYPT,EMR,,,,
2024-03-10,NPL,NEPAL,SEAR,,,,
2022-06-12,ITA,ITALY,EUR,2351.0,107.0,9759.0,438.0
2020-12-13,ARM,ARMENIA,EUR,,,2757.0,
2021-01-17,NGA,NIGERIA,AFR,,,,
2022-05-08,XXF,International conveyance (American Samoa),OTHER,,,,
2024-07-21,UKR,UKRAINE,EUR,2.0,2.0,3.0,2.0
2023-08-20,GLP,GUADELOUPE,AMR,,,,
2021-05-02,PYF,FRENCH POLYNESIA,WPR,,,,
2021-06-27,MYS,MALAYSIA,WPR,26714.0,,106221.0,
2025-03-02,UZB,UZBEKISTAN,EUR,,,,
2021-06-06,AFG,AFGHANISTAN,EMR,192.0,,742.0,
2024-11-10,KEN,KENYA,AFR,,,,
2021-01-31,VNM,VIET NAM,WPR,,,,
2022-03-13,BIH,BOSNIA AND HERZEGOVINA,EUR,120.0,13.0,857.0,77.0
2020-03-08,BMU,BERMUDA,AMR,,,,
2021-01-10,LBR,LIBERIA,AFR,,,,
2022-05-01,FJI,FIJI,WPR,,,,
2022-11-27,ERI,ERITREA,AFR,,,,
2020-11-08,MAF,SAINT MARTIN,AMR,,,,
2023-07-30,SVK,SLOVAKIA,EUR,6.0,0.0,34.0,1.0
2022-04-24,CYP,CYPRUS,EUR,49.0,4.0,481.0,32.0
